accuracy,precision,recall,f1
0.8612167300380228,0.7083333333333334,0.49514563106796117,0.5828571428571429
